ABLAGEDIVERS	0
ABSCHLUESSE	0
ADRESSEN	37088
ADRESSEN_ALTER_KREIS	3
ADR_ADDON	0
ADR_AUSWAHL	3
ADR_DATENSCHUTZ	61305
ADR_MAIL	0
ADR_NACHRICHT	0
ADR_SELE	0
ADR_TELETAPI	0
ADR_TELE_PROT	0
ADR_VERKN	0
ADR_WEITERE_BEGL	0
ADR_ZUSATZ	20093
ANFRAGEN	0
ANGEBOT	693
ANG_KATE_ZI	1
ANG_LEISTUNG	783
ANSPRECHP	0
ANWENDER_PROT	206741
ARCHIV_ADRESSE	967
ARCHIV_BUCHKONT	3681
ARCHIV_LEISTSTA	823
ARCHIV_PREISLIST	4512
ARCHIV_PREISLIST_TGPREIS	0
ARCHIV_PREISLIST_VERERB	210
ARCHIV_PREISSPLITTING	1412
ARCHIV_STEUSTAM	18
ARCHIV_TERMINE	0
ARCHIV_TISCHBELEGUNG	0
ATRUST_SIGN_EINHEIT	0
AUSGBUCH	65396
BEDIENER	21
BEDIENER_GRU	1
BELEGUNG	52996
BOUGSTAM	0
BUCHKONT	195303
BUCHKONT_GS	0
BUCHKONT_ZUS	39
CHECKOUT	31012
DATENERFPORT	0
DATENSCHUTZSTAM	3
DEVISEN	24
DOKUMENT	17542
EIGT_ABR_LFD	0
EIGT_BELAST_ZUSATZ	0
EIGT_ERWEIT	0
EIGT_KTO	0
ENERG_STEUERUNG	0
FAKT_ERLOESE	88637
FEIERTAG	0
FIBU_UEBER	171
FISKAL_BK	79610
FISKAL_RECHNUNG	12837
FISKAL_RECH_POS	42509
FISKAL_ZERO_REC	3607
FREIMELD_KATE	45
FREIMELD_KATE_PRL	0
FREIMELD_KATE_REST	0
FREIMELD_PRO	2
FREIMELD_REST_CON	0
FREIMELD_VAKANZ	0
FUNDBUERO	0
GARAGEN	0
GAR_BELEG	0
GASTARTEN	0
GASTHIST	18211
GASTKONT	52941
GASTKREF	16696
GASTKSIGNO	3
GASTKZAREF	0
GASTKZUS_TEXT	0
GAST_LEISTUNG	0
GES_JAHR	8
GK_MANU_SPLIT	0
GLOB_LEISTUNG	7
GLOB_SPLITTING	0
GR_RES_ZUS	0
GUTSCHEINE	0
GUTSCHEIN_MOTIVE	0
GUTSCHEIN_PAKETE	0
HIS_VERBUND	0
HOUSEKEEPING	0
IF_GK_REFERNZ	0
IF_LEISTUNG	0
KARTEI_VERK_STAMM	0
KASSEN	206
KASSVORTRAG	1
KATESTAM	11
KATESTAM_HAUPT	0
KATESTAM_LEISTUNG	7
KELLNER	1
KELL_UMSATZ	0
KONTIGENT	0
KONTSTAM	51
KURS	0
KURSTEILNEHMER	0
KURSTEILNEHMER_ZUSATZ	0
KURTSTAM	0
LANDSTAM	51
LASTMINUTE	0
LEISTSTA	132
LISTEN	47
MANDANT	2
MANDANT_FISKAL	1
MARKETING	0
MARKETING_TEMP	0
MARKETING_TEMP_HISTORY	0
MELDEDATEN	0
MELDEKARTEN	0
MITARBEITER	0
MITARBEITER_ADR	0
MITARB_ZEITERF	0
MXTEMPLATE	2
OBJEKT	0
ONLINETRANS_ALLE	148448
ONLINETRANS_BK	0
ONLINE_BUCHUNGEN	8047
ONLINE_GK_ADR	0
ONLINE_VERBUND	55730
PARAMETE	1
PARAMETE_APP	0
PARAMETE_GUTSCHEIN	0
PARAMETE_ONL_BUCH	1
PARAMETE_SQL	4
PARAMETE_WEB	1
PARAMETE_WEB_BILDLINK	0
PARAM_HOUSEKEEP	0
PARAM_INTERFACE	0
PARAM_INTERFACE_TM	0
PARAM_INTERN	1
PARAM_LAGEPLAN	0
PARAM_LIZENZ	1
PARAM_NACHRICHT	0
PARAM_PFLICH_FELDER	1
PARAM_PLAN	0
PASSANT_KTO	0
PENSSTAMLIST	8
PLZ_ORT	25180
PLZ_STRASSE	245559
POSTAUSGANG	0
PRCODE_RABATT	0
PREISCODE	10
PREISLIST	341
PREISLIST_ADDON	0
PREISLIST_BARRATE	0
PREISLIST_BASIS	0
PREISLIST_CALC	0
PREISLIST_FREIM	398
PREISLIST_MATCHC	0
PREISLIST_TGPREIS	0
PREISLIST_VERERB	168
PREISLIST_VERERB_FREIM	0
PREISSPLITTING	455
PREIS_VERR_LEISTUNG	0
RABATT	1
RECHNUNG	33059
RECHNUNGSDRUCK	32915
RECHNUNG_INFO	178
REDRUCK_STEUER	0
REGKAS_DETAIL	0
REGKAS_KD_RECH	0
REGKAS_KD_RECH_POS	0
REGKAS_UMSATZ	0
REGKAS_UMSATZ_TEMP	0
REGKAS_ZA	0
REGKAS_ZA_TEMP	0
REINIGUNG	0
REISEZWECK	0
RE_NACHDRUCK	42
SAISNACHLASS	0
SAISSTAM	23
SARA_ASSISENT	1
SARA_ASSISENT_DEF	1
SEGMSTAM	10
SEGMSTAM_ERW	0
SEGMSTAM_LEIST	0
SELEKTION_TEMP	0
SELESTAM	0
SELESTAM_VERERB	0
SHUTTLE	0
SPERRZEIT	2
SPRACHE	2
SPRACHE_TEXTE	11
STATUS_GK	0
STAT_BELEGUNG	38176
STAT_BELEG_BUDGET	0
STAT_UMSATZ	127738
STAT_UMSATZ_FIBU	0
STAT_WEB_ABF	33897
STEUSTAM	7
STORNO_BED	0
SYS_STADA_GLOBAL	2
TAG_ABS	1386
TELEFNEBENST	0
TELEFON	0
TEMPDRUCKEN	29
TEMPLATE_PREISOPTION	2
TEMP_BELEGTE_ZIMMER	14461
TEMP_DRUCK_ZIM_ABRECH	0
TEMP_FIBU	691
TEMP_FIBU_KOMP	0
TEMP_FIBU_TG_ABS	0
TEMP_FISKAL_BK	85987
TEMP_POSTAUSGANG	1
TEMP_QRCODE	0
TEMP_STAT_AUSW	3121
TEMP_STAT_BELEG_UMSATZ	0
TEMP_STAT_MANAG	2777
TEMP_STAT_MANAG_TGABS	0
TEMP_STAT_UMSATZ	19
TEMP_STAT_UMS_BELEG	0
TEMP_STAT_UMS_DASHBOARD	3737
TEMP_STAT_ZUSATZ	0
TEMP_TODO_NACHRICHTEN	43998
TEMP_VAKANZ	0
TEMP_VORS_BELEG	36
TEMP_ZEITDRUCK	0
TEMP_ZIM_ABRECH	0
TERMINE	0
TERMINE_BK	0
TERM_NOTIZ	0
TERM_VERLAUF	0
TEXTE	691
TEXTSTAM	0
THERAPEUT	1
THERAPEUT_ANW	0
TISCHBELEGUNG	0
TISCHBELEGUNG_NOTIZ	0
TISCHBELEGUNG_SCHICHT	0
TISCHPLAN	0
TISCHUMS	0
TODOLIST	0
TODOLIST_ADD	0
USERPROT	60214
VERBINDUNGEN_WS	2
VORLAGEN	21
WAESCHEWECHSEL	0
WARENGRU	9
WARENGR_BUDGET	0
WARTELISTE	0
WEB_ABF_GS	0
WEB_ABF_TEMP	53735
WEB_ABF_TEMP_LOGI	53702
WEB_ABF_TEMP_USER	0
WEB_ABF_TEMP_ZL	18174
WELLN_LEIST	0
ZAHLUNGEN	26115
ZAHLUNG_ZUS	3286
ZIMMERSELEKT	0
ZIMMERSTATUS_PROT	0
ZIMMLEIST	0
ZIMMSTAM	37
ZIMM_EXTRAS	0
ZIMM_W_KATE	0
ZUSATZ_TEXT	0
ZUTRITTSKONTROLLE_PROT	0
